career_title,description,skills,personality_match,education_requirement,average_salary_usd,job_outlook,learning_resources
Data Scientist,Analyze and interpret complex data to help organizations make decisions.,"Python, Machine Learning, Statistics, Data Visualization","Analytical, Curious, Problem-Solver","Bachelor's in Data Science, Computer Science, or related field",120000,"High growth, demand across industries","Coursera Data Science, Kaggle Learn, edX MIT Introduction to Data Science"
AI Engineer,Design and deploy AI models and systems for automation and prediction.,"Deep Learning, TensorFlow, PyTorch, Python","Innovative, Logical, Persistent","Bachelor's in AI, Computer Science, or related field",140000,"Very high growth, core in emerging tech","Fast.ai, deeplearning.ai, Stanford CS229 Machine Learning"
Cybersecurity Analyst,Protect systems and networks from cyber threats and breaches.,"Network Security, Penetration Testing, Risk Assessment","Detail-Oriented, Vigilant, Ethical",Bachelor's in Cybersecurity or related IT field,98000,High demand due to increasing cyber threats,"SANS Cyber Aces, Cybrary, CompTIA Security+ Training"
UX/UI Designer,Design intuitive and user-friendly interfaces for apps and websites.,"Figma, Adobe XD, User Research, Wireframing","Creative, Empathetic, Detail-Oriented","Bachelor's in Design, HCI, or related field",85000,High demand in tech and design industries,"Google UX Design Certificate, Interaction Design Foundation, Adobe XD Tutorials"
Cloud Solutions Architect,Design and implement scalable cloud computing solutions.,"AWS, Azure, GCP, Cloud Security, DevOps","Strategic, Analytical, Problem-Solver",Bachelor's in Computer Science or related field,130000,Very high demand across industries,"AWS Training, Azure Fundamentals, Google Cloud Architecture"
Blockchain Developer,Build decentralized applications and smart contracts on blockchain platforms.,"Solidity, Ethereum, Smart Contracts, Cryptography","Innovative, Logical, Risk-Taker",Bachelor's in Computer Science or related field,125000,High demand in fintech and decentralized tech,"CryptoZombies, ConsenSys Academy, Ethereum.org Developer Resources"
Game Developer,Design and develop interactive games for various platforms.,"Unity, Unreal Engine, C#, C++","Creative, Problem-Solver, Team Player",Bachelor's in Game Development or Computer Science,80000,"Steady growth, expanding into AR/VR","Unity Learn, Unreal Engine Documentation, GameMaker Studio Tutorials"
Digital Marketing Specialist,Plan and execute online marketing campaigns for brands.,"SEO, SEM, Google Analytics, Social Media Marketing","Persuasive, Strategic, Creative",Bachelor's in Marketing or Business,65000,High demand in all industries,"Google Digital Marketing Course, HubSpot Academy, Facebook Blueprint"
Robotics Engineer,Design and build robotic systems for automation.,"Robotics, CAD, Control Systems, Python","Innovative, Analytical, Problem-Solver",Bachelor's in Robotics or Mechanical/Electrical Engineering,105000,High demand in manufacturing and healthcare,"ROS Tutorials, Arduino Projects, MIT Introduction to Robotics"
Mobile App Developer,Create apps for mobile devices on Android and iOS platforms.,"Java, Kotlin, Swift, Flutter","Creative, Logical, Problem-Solver",Bachelor's in Computer Science or related field,95000,High demand due to mobile-first world,"Android Developer Guides, iOS Developer Documentation, Flutter Documentation"
Data Analyst,"Collect, process, and analyze data to help businesses make informed decisions.","SQL, Excel, Data Visualization, Python","Analytical, Detail-Oriented, Curious","Bachelor's in Data Science, Statistics, or related field",70000,Steady growth as data becomes more integral to business,"Microsoft Excel Training, SQL Tutorial by W3Schools, Tableau Public Training"
Full Stack Developer,Develop both front-end and back-end components of web applications.,"JavaScript, Node.js, React, HTML/CSS","Versatile, Problem-Solver, Team Player",Bachelor's in Computer Science or related field,110000,High demand as businesses seek versatile developers,"freeCodeCamp, The Odin Project, MDN Web Docs"
Product Manager,"Oversee the development and lifecycle of a product, from ideation to launch.","Product Roadmap, Agile, Market Research, Communication","Strategic, Leader, Empathetic, Communicator","Bachelor's in Business, Computer Science, or related field",115000,"High growth, essential role in tech companies","Product School, Coursera Product Management, Mind the Product"
Bioinformatics Scientist,"Analyze biological data, such as DNA sequences, using computational tools.","Python, R, Genomics, Data Analysis","Analytical, Detail-Oriented, Scientific",Master's or Ph.D. in Bioinformatics or related field,100000,High growth in biotech and healthcare,"Bioinformatics.org, Coursera Bioinformatics, NCBI Training"
Embedded Systems Engineer,Develop software for microcontrollers and embedded devices.,"C/C++, Embedded C, RTOS, Hardware Integration","Logical, Meticulous, Problem-Solver",Bachelor's in Electrical or Computer Engineering,108000,"Steady demand in IoT, automotive, and consumer electronics","Embedded Systems Tutorial, Arduino Documentation, ARM Development Resources"
Machine Learning Engineer,Build and deploy machine learning models and pipelines.,"Python, Scikit-learn, TensorFlow, MLOps","Innovative, Analytical, Persistent",Bachelor's in Computer Science or related field,135000,"Very high growth, key role in AI development","Machine Learning Mastery, MLflow Documentation, Kubeflow Tutorials"
Network Engineer,"Design, implement, and maintain computer networks.","Cisco, Juniper, TCP/IP, Network Security","Logical, Problem-Solver, Detail-Oriented",Bachelor's in Networking or Computer Science,92000,Steady demand as networks are critical for business,"Cisco Networking Academy, CompTIA Network+, Juniper Learning Portal"
DevOps Engineer,Automate and streamline development and operations processes.,"Docker, Kubernetes, Jenkins, AWS","Collaborative, Innovative, Problem-Solver",Bachelor's in Computer Science or related field,128000,"High growth, crucial for modern software development","Docker Documentation, Kubernetes Learning, Jenkins User Documentation"
AR/VR Developer,Create augmented and virtual reality experiences and applications.,"Unity, C#, Unreal Engine, 3D Modeling","Creative, Innovative, Detail-Oriented",Bachelor's in Computer Science or related field,105000,"Rapid growth in entertainment, education, and industry","Unity XR Development, Oculus Developer Center, ARCore Documentation"
Ethical Hacker,Legally penetrate systems to find and fix security vulnerabilities.,"Penetration Testing, Kali Linux, Exploit Development","Vigilant, Ethical, Problem-Solver",Bachelor's in Cybersecurity or related IT field,102000,High demand due to increasing need for security,"Offensive Security Training, HackTheBox, TryHackMe"
Full-Stack Developer,Build both the front-end and back-end of websites and applications.,"JavaScript, Node.js, React, SQL, MongoDB","Versatile, Logical, Problem-Solver",Bachelor's in Computer Science or self-taught,110000,"High demand, especially in startups and small businesses","freeCodeCamp Full Stack, The Odin Project, Full Stack Open"
Data Engineer,Design and build data pipelines and infrastructure for large datasets.,"SQL, Python, ETL, Spark, Hadoop","Analytical, Meticulous, Systematic",Bachelor's in Computer Science or related field,122000,High demand due to data-driven business models,"Apache Spark Documentation, Airflow Tutorials, DataCamp Data Engineering"
UX Researcher,"Conduct research to understand user behaviors, needs, and motivations.","User Interviews, Usability Testing, Surveys, Personas","Empathetic, Curious, Analytical","Bachelor's in Psychology, HCI, or related field",90000,High demand as companies focus on user-centric design,"Nielsen Norman Group, UX Mastery, Google UX Research Certificate"
IoT Developer,Build and maintain systems for interconnected smart devices.,"Embedded C, Python, MQTT, AWS IoT","Innovative, Logical, Problem-Solver",Bachelor's in Computer Science or Electrical Engineering,105000,"High growth in home automation, industrial and smart cities","AWS IoT Documentation, Raspberry Pi Foundation, Eclipse IoT"
Cloud Security Engineer,Secure cloud environments and protect data and applications.,"Cloud Security, AWS, Azure, IAM, CISSP","Vigilant, Strategic, Proactive",Bachelor's in Cybersecurity or Computer Science,135000,Very high demand as more companies move to the cloud,"AWS Security Training, Azure Security Center, Cloud Security Alliance"
Technical Writer,Create clear and concise documentation for technical products.,"API Documentation, Markdown, Git, Clear Communication","Meticulous, Communicator, Detail-Oriented","Bachelor's in English, Communications, or a technical field",75000,Steady demand in software and hardware companies,"Write the Docs, Google Technical Writing Courses, GitBook Documentation"
Site Reliability Engineer (SRE),Ensure the reliability and performance of systems and applications.,"Linux, Python, Cloud Computing, Automation","Problem-Solver, Logical, Proactive",Bachelor's in Computer Science or related field,140000,"High demand, especially in large tech companies","Google SRE Book, SRE Weekly, Linux Academy"
Financial Analyst,Analyze financial data to provide insights and guide business decisions.,"Financial Modeling, Excel, SQL, Data Analysis","Analytical, Detail-Oriented, Strategic","Bachelor's in Finance, Accounting, or Economics",85000,Steady demand across all business sectors,"CFA Institute, Financial Edge, Coursera Financial Analysis"
Quantum Computing Engineer,Develop hardware and software for quantum computers.,"Quantum Mechanics, Python (Qiskit), C++, Linear Algebra","Innovative, Theoretical, Problem-Solver",Master's or Ph.D. in Physics or Computer Science,150000,Emerging field with high long-term growth potential,"IBM Qiskit Textbook, Microsoft Quantum Development Kit, Quantum Computing Report"
Database Administrator,Manage and maintain databases to ensure security and performance.,"SQL, Oracle, MongoDB, Database Tuning","Logical, Meticulous, Responsible",Bachelor's in Computer Science or related field,98000,Steady demand as data storage is critical,"Oracle University, MongoDB University, PostgreSQL Documentation"
Aerospace Engineer,"Design, develop, and test aircraft, spacecraft, and missiles.","CAD, Thermodynamics, Fluid Dynamics, Materials Science","Analytical, Innovative, Detail-Oriented",Bachelor's in Aerospace or Mechanical Engineering,115000,Steady demand in defense and space exploration sectors,"NASA Educational Resources, AIAA Learning, SolidWorks Training"
Human Resources Manager,"Manage employee relations, recruitment, and organizational development.","Recruitment, Performance Management, HRIS, Employment Law","Empathetic, Organized, Communicator",Bachelor's in Human Resources or Business Administration,105000,Steady demand across all industries,"SHRM Certification, LinkedIn Learning HR, Coursera HR Management"
Project Manager,"Plan, execute, and finalize projects according to deadlines and budget.","Agile, Scrum, Project Planning, Risk Management","Organized, Leader, Strategic, Communicator",Bachelor's in Business or related field,95000,"High demand in most industries, especially tech and construction","PMI Training, Scrum.org, Atlassian Agile Coach"
Social Media Manager,Develop and manage social media strategies to grow brand presence.,"Content Creation, Analytics, SEO, Community Management","Creative, Persuasive, Organized",Bachelor's in Marketing or Communications,60000,"High demand, critical for modern marketing","Hootsuite Academy, Facebook Blueprint, Buffer Academy"
Electrical Engineer,Design and develop electrical systems and components.,"Circuit Design, PCB Design, Signal Processing, Microcontrollers","Logical, Problem-Solver, Detail-Oriented",Bachelor's in Electrical Engineering,99000,"Steady demand in power, electronics, and automotive industries","IEEE Learning Network, All About Circuits, Coursera Electronics"
Business Analyst,Bridge the gap between business problems and technology solutions.,"Requirements Gathering, Data Modeling, SQL, Communication","Analytical, Communicator, Strategic","Bachelor's in Business, IT, or related field",90000,High demand across industries for process improvement,"IIBA Certification, Modern Analyst, Coursera Business Analysis"
Robotics Process Automation (RPA) Developer,"Automate repetitive, rule-based tasks using software robots.","UiPath, Blue Prism, Automation Anywhere, Process Mapping","Logical, Systematic, Problem-Solver","Bachelor's in IT, Computer Science, or related field",95000,High growth as companies seek to increase efficiency,"UiPath Academy, Blue Prism University, Automation Anywhere University"
Game Designer,"Create the concepts, mechanics, and storylines for video games.","Game Mechanics, Storytelling, Level Design, Unity","Creative, Innovative, Team Player",Bachelor's in Game Design or related field,80000,Steady growth with the rise of indie games and mobile gaming,"Game Design Workshop, Extra Credits, GDC Vault"
Data Visualization Specialist,Create visual representations of data to communicate insights effectively.,"Tableau, Power BI, D3.js, Data Storytelling","Creative, Analytical, Detail-Oriented","Bachelor's in Data Science, Design, or related field",85000,Growing demand as data visualization becomes essential for decision-making,"Tableau Training, Power BI Learning Path, D3.js Documentation"
Network Security Engineer,Protect networks from security breaches and cyber threats.,"Firewalls, Intrusion Detection, VPNs, Network Protocols","Vigilant, Analytical, Problem-Solver",Bachelor's in Cybersecurity or related IT field,110000,High demand due to increasing cyber threats,"SANS Network Security, Cisco Security Training, Palo Alto Networks Education"
Systems Analyst,Analyze and improve IT systems to meet business needs.,"Systems Design, Requirements Analysis, SQL, Communication","Analytical, Problem-Solver, Communicator",Bachelor's in Computer Science or related field,90000,Steady demand as businesses seek to optimize IT systems,"IIBA Systems Analysis, Coursera Systems Analysis, Microsoft Learn"
Content Strategist,Plan and manage content creation and distribution to achieve business goals.,"Content Marketing, SEO, Analytics, Communication","Creative, Strategic, Organized","Bachelor's in Marketing, Communications, or related field",75000,Growing demand as content marketing becomes essential for brands,"Content Marketing Institute, HubSpot Content Marketing, Copyblogger"
Product Manager,"Oversee the development and lifecycle of a product, from ideation to launch.","Product Roadmap, Agile, Market Research, Communication","Strategic, Leader, Empathetic, Communicator","Bachelor's in Business, Computer Science, or related field",115000,"High growth, essential role in tech companies","Product School, Coursera Product Management, Mind the Product"
Bioinformatics Scientist,"Analyze biological data, such as DNA sequences, using computational tools.","Python, R, Genomics, Data Analysis","Analytical, Detail-Oriented, Scientific",Master's or Ph.D. in Bioinformatics or related field,100000,High growth in biotech and healthcare,"Bioinformatics.org, Coursera Bioinformatics, NCBI Training"
Embedded Systems Engineer,Develop software for microcontrollers and embedded devices.,"C/C++, Embedded C, RTOS, Hardware Integration","Logical, Meticulous, Problem-Solver",Bachelor's in Electrical or Computer Engineering,108000,"Steady demand in IoT, automotive, and consumer electronics","Embedded Systems Tutorial, Arduino Documentation, ARM Development Resources"
Machine Learning Engineer,Build and deploy machine learning models and pipelines.,"Python, Scikit-learn, TensorFlow, MLOps","Innovative, Analytical, Persistent",Bachelor's in Computer Science or related field,135000,"Very high growth, key role in AI development","Machine Learning Mastery, MLflow Documentation, Kubeflow Tutorials"
Network Engineer,"Design, implement, and maintain computer networks.","Cisco, Juniper, TCP/IP, Network Security","Logical, Problem-Solver, Detail-Oriented",Bachelor's in Networking or Computer Science,92000,Steady demand as networks are critical for business,"Cisco Networking Academy, CompTIA Network+, Juniper Learning Portal"
DevOps Engineer,Automate and streamline development and operations processes.,"Docker, Kubernetes, Jenkins, AWS","Collaborative, Innovative, Problem-Solver",Bachelor's in Computer Science or related field,128000,"High growth, crucial for modern software development","Docker Documentation, Kubernetes Learning, Jenkins User Documentation"
AR/VR Developer,Create augmented and virtual reality experiences and applications.,"Unity, C#, Unreal Engine, 3D Modeling","Creative, Innovative, Detail-Oriented",Bachelor's in Computer Science or related field,105000,"Rapid growth in entertainment, education, and industry","Unity XR Development, Oculus Developer Center, ARCore Documentation"
Ethical Hacker,Legally penetrate systems to find and fix security vulnerabilities.,"Penetration Testing, Kali Linux, Exploit Development","Vigilant, Ethical, Problem-Solver",Bachelor's in Cybersecurity or related IT field,102000,High demand due to increasing need for security,"Offensive Security Training, HackTheBox, TryHackMe"
Full-Stack Developer,Build both the front-end and back-end of websites and applications.,"JavaScript, Node.js, React, SQL, MongoDB","Versatile, Logical, Problem-Solver",Bachelor's in Computer Science or self-taught,110000,"High demand, especially in startups and small businesses","freeCodeCamp Full Stack, The Odin Project, Full Stack Open"
Data Engineer,Design and build data pipelines and infrastructure for large datasets.,"SQL, Python, ETL, Spark, Hadoop","Analytical, Meticulous, Systematic",Bachelor's in Computer Science or related field,122000,High demand due to data-driven business models,"Apache Spark Documentation, Airflow Tutorials, DataCamp Data Engineering"
UX Researcher,"Conduct research to understand user behaviors, needs, and motivations.","User Interviews, Usability Testing, Surveys, Personas","Empathetic, Curious, Analytical","Bachelor's in Psychology, HCI, or related field",90000,High demand as companies focus on user-centric design,"Nielsen Norman Group, UX Mastery, Google UX Research Certificate"
IoT Developer,Build and maintain systems for interconnected smart devices.,"Embedded C, Python, MQTT, AWS IoT","Innovative, Logical, Problem-Solver",Bachelor's in Computer Science or Electrical Engineering,105000,"High growth in home automation, industrial and smart cities","AWS IoT Documentation, Raspberry Pi Foundation, Eclipse IoT"
Cloud Security Engineer,Secure cloud environments and protect data and applications.,"Cloud Security, AWS, Azure, IAM, CISSP","Vigilant, Strategic, Proactive",Bachelor's in Cybersecurity or Computer Science,135000,Very high demand as more companies move to the cloud,"AWS Security Training, Azure Security Center, Cloud Security Alliance"
Technical Writer,Create clear and concise documentation for technical products.,"API Documentation, Markdown, Git, Clear Communication","Meticulous, Communicator, Detail-Oriented","Bachelor's in English, Communications, or a technical field",75000,Steady demand in software and hardware companies,"Write the Docs, Google Technical Writing Courses, GitBook Documentation"
Site Reliability Engineer (SRE),Ensure the reliability and performance of systems and applications.,"Linux, Python, Cloud Computing, Automation","Problem-Solver, Logical, Proactive",Bachelor's in Computer Science or related field,140000,"High demand, especially in large tech companies","Google SRE Book, SRE Weekly, Linux Academy"
Financial Analyst,Analyze financial data to provide insights and guide business decisions.,"Financial Modeling, Excel, SQL, Data Analysis","Analytical, Detail-Oriented, Strategic","Bachelor's in Finance, Accounting, or Economics",85000,Steady demand across all business sectors,"CFA Institute, Financial Edge, Coursera Financial Analysis"
Quantum Computing Engineer,Develop hardware and software for quantum computers.,"Quantum Mechanics, Python (Qiskit), C++, Linear Algebra","Innovative, Theoretical, Problem-Solver",Master's or Ph.D. in Physics or Computer Science,150000,Emerging field with high long-term growth potential,"IBM Qiskit Textbook, Microsoft Quantum Development Kit, Quantum Computing Report"
Database Administrator,Manage and maintain databases to ensure security and performance.,"SQL, Oracle, MongoDB, Database Tuning","Logical, Meticulous, Responsible",Bachelor's in Computer Science or related field,98000,Steady demand as data storage is critical,"Oracle University, MongoDB University, PostgreSQL Documentation"
Aerospace Engineer,"Design, develop, and test aircraft, spacecraft, and missiles.","CAD, Thermodynamics, Fluid Dynamics, Materials Science","Analytical, Innovative, Detail-Oriented",Bachelor's in Aerospace or Mechanical Engineering,115000,Steady demand in defense and space exploration sectors,"NASA Educational Resources, AIAA Learning, SolidWorks Training"
Human Resources Manager,"Manage employee relations, recruitment, and organizational development.","Recruitment, Performance Management, HRIS, Employment Law","Empathetic, Organized, Communicator",Bachelor's in Human Resources or Business Administration,105000,Steady demand across all industries,"SHRM Certification, LinkedIn Learning HR, Coursera HR Management"
Project Manager,"Plan, execute, and finalize projects according to deadlines and budget.","Agile, Scrum, Project Planning, Risk Management","Organized, Leader, Strategic, Communicator",Bachelor's in Business or related field,95000,"High demand in most industries, especially tech and construction","PMI Training, Scrum.org, Atlassian Agile Coach"
Social Media Manager,Develop and manage social media strategies to grow brand presence.,"Content Creation, Analytics, SEO, Community Management","Creative, Persuasive, Organized",Bachelor's in Marketing or Communications,60000,"High demand, critical for modern marketing","Hootsuite Academy, Facebook Blueprint, Buffer Academy"
Electrical Engineer,Design and develop electrical systems and components.,"Circuit Design, PCB Design, Signal Processing, Microcontrollers","Logical, Problem-Solver, Detail-Oriented",Bachelor's in Electrical Engineering,99000,"Steady demand in power, electronics, and automotive industries","IEEE Learning Network, All About Circuits, Coursera Electronics"
Business Analyst,Bridge the gap between business problems and technology solutions.,"Requirements Gathering, Data Modeling, SQL, Communication","Analytical, Communicator, Strategic","Bachelor's in Business, IT, or related field",90000,High demand across industries for process improvement,"IIBA Certification, Modern Analyst, Coursera Business Analysis"
Robotics Process Automation (RPA) Developer,"Automate repetitive, rule-based tasks using software robots.","UiPath, Blue Prism, Automation Anywhere, Process Mapping","Logical, Systematic, Problem-Solver","Bachelor's in IT, Computer Science, or related field",95000,High growth as companies seek to increase efficiency,"UiPath Academy, Blue Prism University, Automation Anywhere University"
UX Writer,Craft copy for user interfaces that guides users and helps them complete tasks.,"Microcopy, Content Strategy, User-Centered Design, Tone of Voice","Empathetic, Detail-Oriented, Clear Communicator","Bachelor's in English, Communications, or a related field",90000,"High growth, increasingly valued in product development","Google UX Writing, UX Writing Hub, Content Design London"
Podiatrist,"Diagnose and treat conditions of the foot, ankle, and related structures of the leg.","Diagnosis, Surgery, Wound Care, Patient Management","Empathetic, Meticulous, Problem-Solver",Doctor of Podiatric Medicine (DPM),150000,"High growth, especially with an aging population","American Podiatric Medical Association, Podiatry Schools, Medical Education Resources"
Urban Planner,Develop plans and programs for the use of land and physical facilities.,"GIS, Zoning Law, Project Management, Public Policy","Strategic, Visionary, Collaborative",Master's Degree in Urban Planning or related field,80000,"Steady growth, tied to city development and infrastructure","American Planning Association, Urban Planning Schools, GIS Training"
Dietetic Technician,Assist dietitians in providing nutrition services and food preparation.,"Meal Planning, Nutrition, Food Safety, Patient Education","Empathetic, Detail-Oriented, Organized",Associate's Degree in Dietetic Technology,38000,"High growth, supporting the work of dietitians","Academy of Nutrition and Dietetics, Nutrition Education Resources, ServSafe Training"
Forensic Scientist,Analyze evidence from crime scenes to help solve criminal investigations.,"Chemistry, Biology, Lab Analysis, Evidence Handling","Meticulous, Logical, Ethical, Detail-Oriented",Bachelor's Degree in Forensic Science or a related field,65000,Steady demand in law enforcement,"American Academy of Forensic Sciences, Forensic Science Programs, Crime Scene Training"
Chiropractor,Treat neuromuscular disorders by performing manual adjustments to the spine and other joints.,"Spinal Adjustments, Diagnosis, Patient Management, Anatomy","Empathetic, Problem-Solver, Patient",Doctor of Chiropractic (D.C.),85000,"High growth, increasing interest in non-invasive treatments","American Chiropractic Association, Chiropractic Schools, Patient Care Training"
Copywriter,Write persuasive text for advertising and marketing campaigns.,"Marketing, SEO, Persuasive Writing, Storytelling","Creative, Persuasive, Communicator","Bachelor's Degree in Marketing, English, or related field",65000,"High demand, essential for branding and advertising","Copyblogger, AWAI Copywriting, Direct Marketing Association"
Optometrist,"Examine, diagnose, treat, and manage diseases, injuries, and disorders of the visual system.","Eye Exams, Diagnosis, Contact Lenses, Patient Care","Meticulous, Empathetic, Detail-Oriented",Doctor of Optometry (O.D.),125000,"High growth, especially with an aging population","American Optometric Association, Optometry Schools, Vision Care Training"
Industrial Designer,"Develop concepts for manufactured products, from cars to toys.","CAD, 3D Modeling, Prototyping, Materials Science","Creative, Innovative, Problem-Solver",Bachelor's Degree in Industrial Design,77000,"Steady demand, tied to consumer product development","Industrial Designers Society of America, Design Schools, CAD Training"
Public Relations Specialist,"Manage the public image of a company, individual, or organization.","Media Relations, Crisis Communication, Press Releases, Social Media","Communicator, Strategic, Persuasive",Bachelor's Degree in Public Relations or Communications,65000,"Steady demand, essential for reputation management","Public Relations Society of America, PR Training Programs, Media Relations Courses"
Occupational Therapist,"Help people with injuries, illnesses, or disabilities to improve their daily living skills.","Patient Assessment, Rehabilitation, Therapy Planning, Empathy","Empathetic, Patient, Problem-Solver",Master's Degree in Occupational Therapy,95000,"High growth, especially in healthcare","American Occupational Therapy Association, OT Schools, Rehabilitation Training"
Linguist,Study the structure and evolution of human language.,"Grammar, Syntax, Phonetics, Data Analysis","Analytical, Curious, Detail-Oriented",Master's or Ph.D. in Linguistics,75000,"Varies by specialization, growing in tech with AI and NLP","Linguistic Society of America, Linguistics Programs, Language Analysis Tools"
Animator,"Create a series of drawings, models, or computer-generated images to simulate movement.","2D/3D Animation, Storyboarding, Adobe After Effects, Maya","Creative, Patient, Imaginative, Detail-Oriented",Bachelor's Degree in Animation or related field,80000,Steady demand in entertainment and advertising,"Animation Schools, Adobe Creative Cloud Training, Autodesk Maya Tutorials"
Medical Assistant,"Perform administrative and clinical tasks in the offices of physicians, hospitals, and other healthcare facilities.","Phlebotomy, Medical Terminology, Patient Intake, EMR","Organized, Empathetic, Detail-Oriented",High School Diploma and a Medical Assisting Program,42000,"High growth, consistently high demand","American Association of Medical Assistants, Medical Assistant Training Programs, Healthcare Certification"
Curator,"Manage and oversee a museum's collection, including research, exhibitions, and acquisitions.","Art History, Exhibition Planning, Research, Conservation","Knowledgeable, Organized, Detail-Oriented",Master's Degree in Art History or Museum Studies,68000,"Limited growth, highly competitive field","Museum Studies Programs, American Alliance of Museums, Collection Management Training"
Biomedical Engineer,Design and develop medical devices and equipment.,"Medical Devices, Biomechanics, CAD, Signal Processing","Innovative, Analytical, Problem-Solver",Bachelor's Degree in Biomedical Engineering,100000,"High growth, tied to advances in medical technology","Biomedical Engineering Society, Medical Device Development, CAD for Medical Applications"
Forest Ranger,"Manage, protect, and maintain state or national forests.","First Aid, Conservation, Wildlife Management, Law Enforcement","Adventurous, Resilient, Responsible",High School Diploma or Bachelor's Degree in a related field,48000,"Steady demand, essential for environmental protection","National Park Service Training, Forest Service Resources, Wildlife Conservation Programs"
Financial Quantitative Analyst,Use mathematical and statistical models to analyze financial markets and predict trends.,"Python, R, Stochastic Calculus, Financial Modeling","Analytical, Logical, Risk-Taker",Master's or Ph.D. in a quantitative field,150000,High demand in finance and investment,"CFA Institute, Quantitative Finance Programs, Financial Modeling Courses"
Marine Biologist,"Study marine organisms, their behaviors, and their interactions with the environment.","Biology, Ecology, Research, Data Analysis","Curious, Patient, Environmentalist",Bachelor's or Master's Degree in Marine Biology,68000,"Limited growth, highly competitive field","Marine Biology Programs, NOAA Resources, Ocean Research Training"
Travel Agent,"Help clients plan and book their travel arrangements, from flights to hotels.","Booking Systems, Customer Service, Destination Knowledge, Sales","Organized, Friendly, Knowledgeable",High School Diploma or relevant certification,46000,Varies with the economy and digital competition,"Travel Institute, Tourism Training Programs, Destination Specialist Courses"
Pharmacist,Dispense prescription medications and provide advice to patients on their use.,"Pharmacology, Patient Counseling, Pharmacy Law, Chemistry","Meticulous, Ethical, Detail-Oriented",Doctor of Pharmacy (Pharm.D.),130000,"Steady demand, essential for healthcare","American Pharmacists Association, Pharmacy Schools, Pharmaceutical Care Training"
Market Research Analyst,Study market conditions to examine potential sales of a product or service.,"Data Analysis, Statistics, Survey Design, Market Trends","Analytical, Curious, Strategic",Bachelor's Degree in Marketing or Business,70000,"High growth, essential for business decision-making","Marketing Research Association, Survey Research Training, Statistical Analysis Courses"
School Counselor,"Help students develop academic, social, and career goals.","Counseling, Mentoring, Academic Advising, Crisis Intervention","Empathetic, Patient, Good Listener",Master's Degree in School Counseling,65000,"High growth, increasing focus on student well-being","American School Counselor Association, Counseling Programs, Student Development Training"
Urban Farmer,Cultivate crops and raise livestock in a controlled urban environment.,"Horticulture, Hydroponics, Aquaponics, Sustainable Farming","Innovative, Patient, Resilient",High School Diploma or relevant experience,40000,Emerging field with high growth potential,"Urban Agriculture Training, Hydroponics Courses, Sustainable Farming Programs"
Animator,"Create a series of drawings, models, or computer-generated images to simulate movement.","2D/3D Animation, Storyboarding, Adobe After Effects, Maya","Creative, Patient, Imaginative, Detail-Oriented",Bachelor's Degree in Animation or related field,80000,Steady demand in entertainment and advertising,"Animation Schools, Adobe Creative Cloud Training, Autodesk Maya Tutorials"
Event Planner,"Organize and manage events, from conferences to weddings.","Budgeting, Vendor Management, Logistics, Communication","Organized, Creative, Detail-Oriented, Calm under pressure",Bachelor's Degree in Hospitality or Event Management,55000,Steady demand in corporate and private sectors,"Meeting Professionals International, Event Planning Certification, Hospitality Training"
Interior Designer,Plan and design the aesthetic and functional interior spaces of buildings.,"Space Planning, CAD, Color Theory, Furniture Selection","Creative, Detail-Oriented, Visionary",Bachelor's Degree in Interior Design,68000,"Steady growth, tied to real estate and construction","American Society of Interior Designers, Interior Design Schools, CAD for Interior Design"
Human Resources Manager,"Manage employee relations, recruitment, and organizational development.","Recruitment, Performance Management, HRIS, Employment Law","Empathetic, Organized, Communicator",Bachelor's in Human Resources or Business Administration,105000,Steady demand across all industries,"SHRM Certification, LinkedIn Learning HR, Coursera HR Management"
Graphic Designer,"Create visual concepts to communicate ideas that inspire, inform, and captivate consumers.","Adobe Creative Suite, Typography, Branding, Layout Design","Creative, Detail-Oriented, Collaborative",Bachelor's Degree in Graphic Design or related field,63000,"Steady demand, especially in digital media","Adobe Creative Cloud Training, Graphic Design Schools, Typography Courses"